"fid","ART","NAME_DT","BHD","HOEHE","class","n_staemme","gwGruppe","a","b","c","RSfac","biomass","carbonmass","co2mass"
1,"Laubbaum","Winterlinde",38,12.4,"Buche",1,8,0.058,2.034,0.637,0.2,565.455833199605,282.727916599802,1037.61145392127
2,"Laubbaum","Winterlinde",36,12,"Buche",1,8,0.058,2.034,0.637,0.2,496.097433079034,248.048716539517,910.338789700028
3,"Laubbaum","Winterlinde",57,16.2,"Buche",1,10,0.058,2.034,0.637,0.2,1529.39533201742,764.69766600871,2806.44043425197
4,"Laubbaum","Amerikanische Gleditschie",40,11.5,"Eiche",1,8,0.067,1.938,0.638,0.22,494.256191875085,247.128095937542,906.960112090781
5,"Laubbaum","Amerikanische Gleditschie",35,11.5,"Eiche",1,7,0.067,1.938,0.638,0.22,381.560777852452,190.780388926226,700.164027359249
6,"Laubbaum","Winterlinde",20,8.3,"Buche",1,6,0.058,2.034,0.637,0.2,118.674386601235,59.3371933006175,217.767499413266
7,"Laubbaum","Winterlinde",20,8.4,"Buche",1,6,0.058,2.034,0.637,0.2,119.583195930646,59.7915979653228,219.435164532735
8,"Laubbaum","Winterlinde",20,8.7,"Buche",1,5,0.058,2.034,0.637,0.2,122.286359103213,61.1431795516063,224.395468954395
9,"Laubbaum","Winterlinde",28,12.8,"Buche",1,6,0.058,2.034,0.637,0.2,310.042639853292,155.021319926646,568.928244130791
10,"Laubbaum","Winterlinde",20,8.4,"Buche",1,6,0.058,2.034,0.637,0.2,119.583195930646,59.7915979653228,219.435164532735
11,"Laubbaum","Winterlinde",21,10,"Buche",1,5,0.058,2.034,0.637,0.2,147.571769588817,73.7858847944084,270.794197195479
12,"Laubbaum","Winterlinde",23,9.9,"Buche",1,5,0.058,2.034,0.637,0.2,176.434404932812,88.2172024664059,323.75713305171
13,"Laubbaum","Gewöhnliche Rosskastanie",33,9.3,"Buche",1,8,0.058,2.034,0.637,0.2,353.337906501308,176.668953250654,648.3750584299
14,"Laubbaum","Spitzahorn",23,10.1,"Eiche",1,5,0.067,1.938,0.638,0.22,155.675480924515,77.8377404622574,285.664507496485
15,"Laubbaum","Bergahorn",19,8.5,"Eiche",1,5,0.067,1.938,0.638,0.22,96.3004655427801,48.15023277139,176.711354271001
16,"Laubbaum","Bergahorn",24,12.2,"Eiche",1,6,0.067,1.938,0.638,0.22,190.713568210139,95.3567841050693,349.959397665604
17,"Laubbaum","Bergahorn",17,8,"Eiche",1,4,0.067,1.938,0.638,0.22,74.6820197369452,37.3410098684726,137.041506217294
18,"Laubbaum","Bergahorn",24,11.2,"Eiche",1,6,0.067,1.938,0.638,0.22,180.586432382295,90.2932161911475,331.376103421511
19,"Laubbaum","Winterlinde",36,16.1,"Buche",1,7,0.058,2.034,0.637,0.2,598.241599819768,299.120799909884,1097.77333566928
20,"Laubbaum","Papierbirke",20,8.7,"Eiche",1,5,0.067,1.938,0.638,0.22,107.95531976806,53.9776598840302,198.098011774391
21,"Laubbaum","Grau-Erle",34,7.9,"Eiche",1,8,0.067,1.938,0.638,0.22,283.87481150086,141.93740575043,520.910279104078
22,"Laubbaum","Winterlinde",23,9.5,"Buche",1,5,0.058,2.034,0.637,0.2,171.859520061923,85.9297600309614,315.362219313628
23,"Nadelbaum","Schwarzkiefer",28,11.8,"Kiefer",1,6,0.044,2.096,0.712,0.22,335.919898229817,167.959949114909,616.413013251715
24,"Nadelbaum","Schwarzkiefer",30,9.2,"Kiefer",1,7,0.044,2.096,0.712,0.22,325.143884628884,162.571942314442,596.639028294001
25,"Nadelbaum","Schwarzkiefer",36,10.2,"Kiefer",1,8,0.044,2.096,0.712,0.22,512.797466736041,256.398733368021,940.983351460636
26,"Laubbaum","Hainbuche",33,11.6,"Buche",1,7,0.058,2.034,0.637,0.2,406.748848809423,203.374424404712,746.384137565292
27,"Laubbaum","Winterlinde",57,12.1,"Buche",1,10,0.058,2.034,0.637,0.2,1269.96858184465,634.984290922324,2330.39234768493
38,"Laubbaum","Winterlinde",36,14.5,"Buche",1,7,0.058,2.034,0.637,0.2,559.654427144162,279.827213572081,1026.96587380954
39,"Laubbaum","Winterlinde",29,9,"Buche",1,7,0.058,2.034,0.637,0.2,266.05979115845,133.029895579225,488.219716775755
40,"Laubbaum","Winterlinde",28,12.7,"Buche",1,6,0.058,2.034,0.637,0.2,308.497497626613,154.248748813306,566.092908144835
41,"Laubbaum","Winterlinde",26,12,"Buche",1,6,0.058,2.034,0.637,0.2,255.91956160113,127.959780800565,469.612395538073
42,"Laubbaum","Winterlinde",23,10.7,"Buche",1,5,0.058,2.034,0.637,0.2,185.387788797813,92.6938943989065,340.186592443987
43,"Laubbaum","Winterlinde",30,13,"Buche",1,6,0.058,2.034,0.637,0.2,360.292969033169,180.146484516585,661.137598175866
44,"Laubbaum","Winterlinde",25,12.2,"Buche",1,6,0.058,2.034,0.637,0.2,238.79785937764,119.39892968882,438.194071957969
45,"Laubbaum","Winterlinde",24,13,"Buche",1,6,0.058,2.034,0.637,0.2,228.844679960556,114.422339980278,419.929987727619
46,"Laubbaum","Amerikanischer Amberbaum",7,5.8,"Eiche",1,1,0.067,1.938,0.638,0.22,10.8968681190585,5.44843405952926,19.9957529984724
47,"Laubbaum","Winterlinde",20,10.9,"Buche",1,5,0.058,2.034,0.637,0.2,141.170817604474,70.585408802237,259.04845030421
48,"Laubbaum","Winterlinde",22,9.9,"Buche",1,5,0.058,2.034,0.637,0.2,161.18201893579,80.591009467895,295.769004747175
49,"Laubbaum","Spitzahorn",20,13.2,"Eiche",1,5,0.067,1.938,0.638,0.22,140.850026516304,70.4250132581519,258.459798657418
50,"Laubbaum","Spitzahorn",32,12.7,"Eiche",1,7,0.067,1.938,0.638,0.22,341.69770770948,170.84885385474,627.015293646895
51,"Laubbaum","Winterlinde",55,14,"Buche",1,10,0.058,2.034,0.637,0.2,1295.95675213083,647.978376065417,2378.08064016008
52,"Laubbaum","Winterlinde",25,12.1,"Buche",1,6,0.058,2.034,0.637,0.2,237.549159505674,118.774579752837,435.902707692912
53,"Laubbaum","Winterlinde",22,11.7,"Buche",1,5,0.058,2.034,0.637,0.2,179.279803011788,89.6399015058938,328.97843852663
54,"Laubbaum","Winterlinde",35,13,"Buche",1,7,0.058,2.034,0.637,0.2,492.975750955775,246.487875477887,904.610503003847
55,"Laubbaum","Winterlinde",33,9.1,"Buche",1,8,0.058,2.034,0.637,0.2,348.478477163321,174.239238581661,639.458005594695
56,"Laubbaum","Winterlinde",27,11.8,"Buche",1,6,0.058,2.034,0.637,0.2,273.395885653117,136.697942826559,501.68145017347
57,"Laubbaum","Winterlinde",29,12.3,"Buche",1,6,0.058,2.034,0.637,0.2,324.635734455883,162.317867227942,595.706572726546
58,"Laubbaum","Winterlinde",26,10.8,"Buche",1,6,0.058,2.034,0.637,0.2,239.307308147063,119.653654073532,439.128910449861
59,"Laubbaum","Götterbaum",42,11.3,"Eiche",1,9,0.067,1.938,0.638,0.22,537.224493518911,268.612246759456,985.806945607202
60,"Laubbaum","Götterbaum",34,14.2,"Eiche",1,7,0.067,1.938,0.638,0.22,412.667947876129,206.333973938065,757.245684352697
72,"Laubbaum","Götterbaum",37,11,"Eiche",1,8,0.067,1.938,0.638,0.22,413.064724212558,206.532362106279,757.973768930043
77,"Nadelbaum","Winterlinde",33,13.8,"Buche",1,7,0.058,2.034,0.637,0.2,454.32807152982,227.16403576491,833.69201125722
78,"Laubbaum","Winterlinde",33,15,"Buche",1,7,0.058,2.034,0.637,0.2,479.111643514311,239.555821757155,879.169865848761
79,"Laubbaum","Winterlinde",31,15.5,"Buche",1,7,0.058,2.034,0.637,0.2,430.804485615975,215.402242807988,790.526231105315
80,"Laubbaum","Winterlinde",23,11.6,"Buche",1,5,0.058,2.034,0.637,0.2,195.174644596275,97.5873222981373,358.145472834164
81,"Laubbaum","Winterlinde",35,12,"Buche",1,8,0.058,2.034,0.637,0.2,468.470335361867,234.235167680934,859.643065389026
82,"Laubbaum","Winterlinde",26,12.5,"Buche",1,6,0.058,2.034,0.637,0.2,262.661673927343,131.330836963671,481.984171656674
83,"Laubbaum","Winterlinde",24,12.3,"Buche",1,6,0.058,2.034,0.637,0.2,220.9166562659,110.45832813295,405.382064247927
84,"Laubbaum","Winterlinde",30,14.6,"Buche",1,7,0.058,2.034,0.637,0.2,387.941857445617,193.970928722809,711.873308412708
85,"Laubbaum","Winterlinde",30,13.6,"Buche",1,6,0.058,2.034,0.637,0.2,370.798660281262,185.399330140631,680.415541616116
86,"Laubbaum","Winterlinde",28,10.3,"Buche",1,7,0.058,2.034,0.637,0.2,269.964082755941,134.98204137797,495.384091857151
87,"Laubbaum","Winterlinde",25,9.5,"Buche",1,6,0.058,2.034,0.637,0.2,203.624088765968,101.812044382984,373.650202885552
91,"Laubbaum","Hainbuche",23,10.5,"Buche",1,5,0.058,2.034,0.637,0.2,183.172908579364,91.5864542896822,336.122287243134
92,"Laubbaum","Hainbuche",24.0416305603426,11.7,"Buche",2,6,0.058,2.034,0.637,0.2,214.745585679298,107.372792839649,394.058149721511
93,"Laubbaum","Schwarzkiefer",37,14.8,"Kiefer",1,7,0.044,2.096,0.712,0.22,707.928932826499,353.96446641325,1299.04959173663
94,"Laubbaum","Amerikanische Gleditschie",51,16.8,"Eiche",1,9,0.067,1.938,0.638,0.22,1007.98241687503,503.991208437516,1849.64773496568
95,"Laubbaum","Schwarzkiefer",38,12.3,"Kiefer",1,7,0.044,2.096,0.712,0.22,656.222874713191,328.111437356596,1204.16897509871
97,"Laubbaum","Hainbuche",36,9.9,"Buche",1,8,0.058,2.034,0.637,0.2,438.882379739857,219.441189869929,805.349166822638
98,"Laubbaum","Winterlinde",35,14.5,"Buche",1,7,0.058,2.034,0.637,0.2,528.487913238629,264.243956619315,969.775320792884
99,"Laubbaum","Spitzahorn",30,11.9,"Eiche",1,6,0.067,1.938,0.638,0.22,289.26413252649,144.632066263245,530.79968318611
100,"Laubbaum","Spitzahorn",29,12.5,"Eiche",1,6,0.067,1.938,0.638,0.22,279.505618045953,139.752809022977,512.892809114324
101,"Laubbaum","Spitzahorn",30,9.8,"Eiche",1,7,0.067,1.938,0.638,0.22,255.562931582051,127.781465791025,468.957979453063
102,"Laubbaum","Spitzahorn",35,13.1,"Eiche",1,7,0.067,1.938,0.638,0.22,414.627010075939,207.31350503797,760.840563489348
103,"Laubbaum","Spitzahorn",32,8.8,"Eiche",1,8,0.067,1.938,0.638,0.22,270.392870435007,135.196435217503,496.170917248238
104,"Laubbaum","Winterlinde",24,10.3,"Buche",1,5,0.058,2.034,0.637,0.2,197.3041487738,98.6520743869001,362.053112999923
105,"Laubbaum","Winterlinde",23,10.4,"Buche",1,5,0.058,2.034,0.637,0.2,182.059730368763,91.0298651843814,334.07960522668
106,"Laubbaum","Winterlinde",29,10,"Buche",1,7,0.058,2.034,0.637,0.2,284.529150572848,142.264575286424,522.110991301175
107,"Laubbaum","Winterlinde",7,5.4,"Buche",1,1,0.058,2.034,0.637,0.2,10.6677659321523,5.33388296607617,19.5753504854995
108,"Laubbaum","Winterlinde",18,8,"Buche",1,5,0.058,2.034,0.637,0.2,93.5625040970312,46.7812520485156,171.687195018052
109,"Laubbaum","Winterlinde",25,9.9,"Buche",1,6,0.058,2.034,0.637,0.2,209.044543581089,104.522271790544,383.596737471298
110,"Laubbaum","Winterlinde",40,16,"Buche",1,8,0.058,2.034,0.637,0.2,738.284398429626,369.142199214813,1354.75187111836
111,"Laubbaum","Winterlinde",36,15.2,"Buche",1,7,0.058,2.034,0.637,0.2,576.717183665988,288.358591832994,1058.27603202709
112,"Laubbaum","Winterlinde",18,10.2,"Buche",1,5,0.058,2.034,0.637,0.2,109.222427443648,54.6112137218242,200.423154359095
113,"Laubbaum","Südlicher Zürgelbaum",21,7.2,"Eiche",1,6,0.067,1.938,0.638,0.22,105.165613401574,52.5828067007872,192.978900591889
114,"Laubbaum","Südlicher Zürgelbaum",25,7.4,"Eiche",1,7,0.067,1.938,0.638,0.22,150.041779885405,75.0208899427024,275.326666089718
115,"Laubbaum","Bergahorn",27,9.7,"Eiche",1,7,0.067,1.938,0.638,0.22,207.003636434055,103.501818217027,379.851672856491
116,"Laubbaum","Japanische Blütenkirsche",8,4.3,"Buche",1,1,0.058,2.034,0.637,0.2,12.1063626542825,6.05318132714126,22.2151754706084
117,"Laubbaum","Japanische Blütenkirsche",9,4.9,"Buche",1,1,0.058,2.034,0.637,0.2,16.7183497616456,8.3591748808228,30.6781718126197
118,"Laubbaum","Japanische Blütenkirsche",10,5,"Buche",1,2,0.058,2.034,0.637,0.2,20.9823019419514,10.4911509709757,38.5025240634808
119,"Laubbaum","Japanische Blütenkirsche",7,4.7,"Buche",1,1,0.058,2.034,0.637,0.2,9.76483678192995,4.88241839096498,17.9184754948415
130,"Laubbaum","Feldahorn",26,8.8,"Eiche",1,7,0.067,1.938,0.638,0.22,180.814363356577,90.4071816782886,331.794356759319
131,"Laubbaum","Feldahorn",24,7.3,"Eiche",1,6,0.067,1.938,0.638,0.22,137.43077784556,68.71538892278,252.185477346603
132,"Laubbaum","Feldahorn",22,7.2,"Eiche",1,6,0.067,1.938,0.638,0.22,115.087437824051,57.5437189120256,211.185448407134
133,"Laubbaum","Feldahorn",34,10.4,"Eiche",1,8,0.067,1.938,0.638,0.22,338.304710655776,169.152355327888,620.789144053349
134,"Laubbaum","Feldahorn",30,8.5,"Eiche",1,7,0.067,1.938,0.638,0.22,233.380679311336,116.690339655668,428.253546536302
135,"Laubbaum","Hainbuche",14,6.7,"Buche",1,3,0.058,2.034,0.637,0.2,50.1237221036641,25.0618610518321,91.9770300602236
136,"Laubbaum","Hainbuche",11,6.9,"Buche",1,2,0.058,2.034,0.637,0.2,31.2715085309433,15.6357542654717,57.383218154281
137,"Laubbaum","Hainbuche",13,8.2,"Buche",1,3,0.058,2.034,0.637,0.2,49.0308522489253,24.5154261244626,89.9716138767779
138,"Laubbaum","Platane",26,4.2,"Eiche",1,7,0.067,1.938,0.638,0.22,112.794007987432,56.3970039937162,206.977004656938
139,"Laubbaum","Platane",28,4.5,"Eiche",1,7,0.067,1.938,0.638,0.22,136.074416878581,68.0372084392905,249.696554972196
140,"Laubbaum","Platane",28,4.3,"Eiche",1,7,0.067,1.938,0.638,0.22,132.184268731289,66.0921343656446,242.558133121916
141,"Laubbaum","Platane",28,4.4,"Eiche",1,7,0.067,1.938,0.638,0.22,134.137344900915,67.0686724504575,246.142027893179
142,"Laubbaum","Platane",20,4.6,"Eiche",1,6,0.067,1.938,0.638,0.22,71.8902943136392,35.9451471568196,131.918690065528
143,"Laubbaum","Platane",23,4.8,"Eiche",1,6,0.067,1.938,0.638,0.22,96.8489884458419,48.4244942229209,177.71789379812
144,"Laubbaum","Platane",18,4.1,"Eiche",1,6,0.067,1.938,0.638,0.22,54.4639140685659,27.2319570342829,99.9412823158184
145,"Laubbaum","Platane",19,4,"Eiche",1,6,0.067,1.938,0.638,0.22,59.5351409951159,29.7675704975579,109.246983726038
146,"Laubbaum","Platane",20,4.2,"Eiche",1,6,0.067,1.938,0.638,0.22,67.8365593070774,33.9182796535387,124.480086328487
147,"Laubbaum","Platane",18,4.2,"Eiche",1,6,0.067,1.938,0.638,0.22,55.307725095863,27.6538625479315,101.489675550909
154,"Laubbaum","Tulpenbaum",6,5.1,"Eiche",1,1,0.067,1.938,0.638,0.22,7.44597423253134,3.72298711626567,13.663362716695
155,"Laubbaum","Winterlinde",18,8.6,"Buche",1,4,0.058,2.034,0.637,0.2,97.9735914538849,48.9867957269425,179.781540317879
156,"Laubbaum","Winterlinde",15,7.6,"Buche",1,3,0.058,2.034,0.637,0.2,62.4967047233089,31.2483523616545,114.681453167272
157,"Laubbaum","Hainbuche",19.0525588832576,8,"Buche",3,6,0.058,2.034,0.637,0.2,105.027396256752,52.513698128376,192.72527213114
158,"Laubbaum","Winterlinde",29,14.6,"Buche",1,6,0.058,2.034,0.637,0.2,362.092505900296,181.046252950148,664.439748327042
159,"Laubbaum","Winterlinde",19,9.7,"Buche",1,5,0.058,2.034,0.637,0.2,118.077638447239,59.0388192236193,216.672466550683
160,"Laubbaum","Winterlinde",20,9.4,"Buche",1,5,0.058,2.034,0.637,0.2,128.465553832029,64.2327769160145,235.734291281773
161,"Laubbaum","Platane",20,4.2,"Eiche",1,6,0.067,1.938,0.638,0.22,67.8365593070774,33.9182796535387,124.480086328487
162,"Laubbaum","Platane",16,4.1,"Eiche",1,5,0.067,1.938,0.638,0.22,43.3486184078932,21.6743092039466,79.5447147784841
163,"Laubbaum","Platane",16,4.2,"Eiche",1,5,0.067,1.938,0.638,0.22,44.0202198316291,22.0101099158145,80.7771033910393
164,"Laubbaum","Platane",16,4.5,"Eiche",1,5,0.067,1.938,0.638,0.22,46.0011557879273,23.0005778939636,84.4121208708466
165,"Laubbaum","Platane",16,4.3,"Eiche",1,5,0.067,1.938,0.638,0.22,44.686056924624,22.343028462312,81.998914456685
166,"Laubbaum","Platane",16,4,"Eiche",1,5,0.067,1.938,0.638,0.22,42.6710602794353,21.3355301397177,78.3013956127638
167,"Laubbaum","Winterlinde",25,13.9,"Buche",1,6,0.058,2.034,0.637,0.2,259.48941383591,129.744706917955,476.163074388896
168,"Laubbaum","Hainbuche",8.48528137423857,2.1,"Buche",2,1,0.058,2.034,0.637,0.2,8.64510115448262,4.32255057724131,15.8637606184756
169,"","Hainbuche",18,6.3,"Buche",4,5,0.058,2.034,0.637,0.2,80.3550998324873,40.1775499162437,147.451608192614
170,"Laubbaum","Japanische Blütenkirsche",20,5,"Buche",1,6,0.058,2.034,0.637,0.2,85.9306592284825,42.9653296142413,157.682759684265
171,"Laubbaum","Japanische Blütenkirsche",18,5.6,"Buche",1,5,0.058,2.034,0.637,0.2,74.5468485003561,37.2734242501781,136.793466998154
172,"Laubbaum","Japanische Blütenkirsche",20,5.3,"Buche",1,6,0.058,2.034,0.637,0.2,89.1801050775757,44.5900525387878,163.645492817351
173,"Laubbaum","Japanische Blütenkirsche",8,4.6,"Buche",1,1,0.058,2.034,0.637,0.2,12.637786433634,6.31889321681702,23.1903381057185
174,"Laubbaum","Winterlinde",48,13.2,"Buche",1,10,0.058,2.034,0.637,0.2,946.366831467321,473.18341573366,1736.58313574253
175,"Laubbaum","Amerikanischer Amberbaum",20,10.5,"Eiche",1,5,0.067,1.938,0.638,0.22,121.71652303791,60.8582615189551,223.349819774565
176,"Laubbaum","Amerikanischer Amberbaum",17,8.5,"Eiche",1,4,0.067,1.938,0.638,0.22,77.6271993020278,38.8135996510139,142.445910719221
192,"Laubbaum","Winterlinde",19,8.2,"Buche",1,6,0.058,2.034,0.637,0.2,106.094650852203,53.0473254261016,194.683684313793
193,"Laubbaum","Hainbuche",27,10.7,"Buche",1,6,0.058,2.034,0.637,0.2,256.874268389079,128.437134194539,471.36428249396
194,"Laubbaum","Hainbuche",31,11.8,"Buche",1,6,0.058,2.034,0.637,0.2,362.099365259842,181.049682629921,664.452335251809
195,"Laubbaum","Hainbuche",25,11.7,"Buche",1,6,0.058,2.034,0.637,0.2,232.516411206119,116.25820560306,426.667614563229
196,"Laubbaum","Hainbuche",30,12.9,"Buche",1,6,0.058,2.034,0.637,0.2,358.525060011699,179.262530005849,657.893485121467
197,"Laubbaum","Winterlinde",17,8.5,"Buche",1,4,0.058,2.034,0.637,0.2,86.5729469871491,43.2864734935745,158.861357721419
198,"Laubbaum","Winterlinde",16,8.6,"Buche",1,4,0.058,2.034,0.637,0.2,77.1018498285936,38.5509249142968,141.481894435469
199,"Laubbaum","Winterlinde",16,7.7,"Buche",1,4,0.058,2.034,0.637,0.2,71.85944791555,35.929723957775,131.862086925034
200,"Laubbaum","Feldahorn",14,6.5,"Eiche",1,4,0.067,1.938,0.638,0.22,44.9023931468199,22.4511965734099,82.3958914244145
201,"Laubbaum","Feldahorn",12,7,"Eiche",1,2,0.067,1.938,0.638,0.22,34.9188906290926,17.4594453145463,64.0761643043849
202,"Laubbaum","Hainbuche",14,10.1,"Buche",1,4,0.058,2.034,0.637,0.2,65.1008080634408,32.5504040317204,119.459982796414
203,"Laubbaum","Hainbuche",7,5.8,"Buche",1,1,0.058,2.034,0.637,0.2,11.1645772980369,5.58228864901845,20.4869993418977
204,"Laubbaum","Hainbuche",6,5.6,"Buche",1,1,0.058,2.034,0.637,0.2,7.97929747226408,3.98964873613204,14.6420108616046
205,"Laubbaum","Hainbuche",10,8,"Buche",1,2,0.058,2.034,0.637,0.2,28.3059386679428,14.1529693339714,51.9413974556751
206,"Laubbaum","Hainbuche",11,8,"Buche",1,2,0.058,2.034,0.637,0.2,34.3613551220409,17.1806775610204,63.053086648945
207,"Laubbaum","Hainbuche",13,10.2,"Buche",1,3,0.058,2.034,0.637,0.2,56.3440846184274,28.1720423092137,103.391395274814
208,"Laubbaum","Hainbuche",13,9.3,"Buche",1,3,0.058,2.034,0.637,0.2,53.1243533181899,26.562176659095,97.4831883388785
209,"Laubbaum","Hainbuche",11,8.6,"Buche",1,2,0.058,2.034,0.637,0.2,35.9813517286516,17.9906758643258,66.0257804220757
210,"Laubbaum","Hainbuche",13,9.5,"Buche",1,3,0.058,2.034,0.637,0.2,53.8492866831196,26.9246433415598,98.8134410635245
211,"Laubbaum","Hainbuche",13,9.9,"Buche",1,3,0.058,2.034,0.637,0.2,55.2827498213037,27.6413749106518,101.443845922092
212,"Laubbaum","Hainbuche",12,9.6,"Buche",1,3,0.058,2.034,0.637,0.2,46.0649569381789,23.0324784690894,84.5291959815583
213,"Laubbaum","Hainbuche",12,9.9,"Buche",1,3,0.058,2.034,0.637,0.2,46.9768089963287,23.4884044981644,86.2024445082632
214,"Laubbaum","Südlicher Zürgelbaum",17,6.4,"Eiche",1,5,0.067,1.938,0.638,0.22,64.7720237439289,32.3860118719644,118.85666357011
215,"Laubbaum","Spitzahorn",21,9.4,"Eiche",1,5,0.067,1.938,0.638,0.22,124.666910573951,62.3334552869754,228.7637809032
216,"Laubbaum","Spitzahorn",21,9.3,"Eiche",1,5,0.067,1.938,0.638,0.22,123.819129879364,61.9095649396818,227.208103328632
217,"Laubbaum","Spitzahorn",18,7.5,"Eiche",1,5,0.067,1.938,0.638,0.22,80.0648389324636,40.0324194662318,146.918979441071
218,"Laubbaum","Spitzahorn",21,11.9,"Eiche",1,5,0.067,1.938,0.638,0.22,144.908742574885,72.4543712874427,265.907542624915
219,"Laubbaum","Spitzahorn",20,10.7,"Eiche",1,5,0.067,1.938,0.638,0.22,123.190612672728,61.5953063363641,226.054774254456
220,"Laubbaum","Hainbuche",20,8,"Buche",1,6,0.058,2.034,0.637,0.2,115.923790275563,57.9618951377817,212.720155155659
221,"Laubbaum","Hainbuche",12,7.4,"Buche",1,2,0.058,2.034,0.637,0.2,39.0269398935234,19.5134699467617,71.6144347046154
222,"Laubbaum","Hainbuche",60,5.4,"Buche",1,11,0.058,2.034,0.637,0.2,843.147793669915,421.573896834957,1547.17620138429
223,"Laubbaum","Blumen-Esche",17,5.4,"Eiche",1,5,0.067,1.938,0.638,0.22,58.1181607409549,29.0590803704775,106.646824959652
224,"Laubbaum","Blumen-Esche",17,5,"Eiche",1,5,0.067,1.938,0.638,0.22,55.3334190103966,27.6667095051983,101.536823884078
225,"Laubbaum","Blumen-Esche",19,5.3,"Eiche",1,6,0.067,1.938,0.638,0.22,71.2438067308263,35.6219033654131,130.732385351066
226,"Laubbaum","Blumen-Esche",18,5.4,"Eiche",1,6,0.067,1.938,0.638,0.22,64.9261972790545,32.4630986395272,119.139572007065
227,"Laubbaum","Blumen-Esche",18,5.4,"Eiche",1,6,0.067,1.938,0.638,0.22,64.9261972790545,32.4630986395272,119.139572007065
228,"Laubbaum","Blumen-Esche",19,5.6,"Eiche",1,6,0.067,1.938,0.638,0.22,73.7909451871151,36.8954725935576,135.406384418356
229,"Laubbaum","Platane",65,18.2,"Eiche",1,11,0.067,1.938,0.638,0.22,1697.40807574081,848.704037870407,3114.74381898439
230,"Nadelbaum","Platane",80,19.7,"Kiefer",1,11,0.044,2.096,0.712,0.22,4368.66831660797,2184.33415830398,8016.50636097562
231,"Laubbaum","Platane",84,18.3,"Eiche",1,11,0.067,1.938,0.638,0.22,2799.83014408084,1399.91507204042,5137.68831438835
232,"Laubbaum","Südlicher Zürgelbaum",23,8.4,"Eiche",1,5,0.067,1.938,0.638,0.22,138.405504938054,69.2027524690272,253.97410156133
233,"Laubbaum","Platane",94,18.2,"Eiche",1,11,0.067,1.938,0.638,0.22,3469.62037249937,1734.81018624969,6366.75338353635
234,"Laubbaum","Platane",38,17.5,"Eiche",1,8,0.067,1.938,0.638,0.22,584.942960311324,292.471480155662,1073.37033217128
235,"Laubbaum","Amerikanische Gleditschie",27,10,"Eiche",1,7,0.067,1.938,0.638,0.22,211.065673697814,105.532836848907,387.305511235489
237,"Laubbaum","Amerikanische Gleditschie",30,13.5,"Eiche",1,7,0.067,1.938,0.638,0.22,313.507958002494,156.753979001247,575.287102934576
238,"Nadelbaum","Feldahorn",25,11.5,"Eiche",1,6,0.067,1.938,0.638,0.22,198.777668478181,99.3888342390905,364.757021657462
239,"Laubbaum","Spitzahorn",31,12.2,"Eiche",1,7,0.067,1.938,0.638,0.22,313.177943522348,156.588971761174,574.681526363508
245,"Laubbaum","Japanischer Schnurbaum",39,14.3,"Eiche",1,8,0.067,1.938,0.638,0.22,540.782007558893,270.391003779447,992.334983870569
246,"Laubbaum","Japanischer Schnurbaum",63,14,"Eiche",1,11,0.067,1.938,0.638,0.22,1351.40743823046,675.70371911523,2479.83264915289
247,"Laubbaum","Japanischer Schnurbaum",40,11.4,"Eiche",1,9,0.067,1.938,0.638,0.22,491.509811610192,245.754905805096,901.920504304703
248,"Laubbaum","Winterlinde",30,16.1,"Buche",1,7,0.058,2.034,0.637,0.2,412.878201943094,206.439100971547,757.631500565578
249,"Laubbaum","Winterlinde",31,15.6,"Buche",1,7,0.058,2.034,0.637,0.2,432.572885976128,216.286442988064,793.771245766195
250,"Laubbaum","Winterlinde",36,17.5,"Buche",1,7,0.058,2.034,0.637,0.2,630.875647069646,315.437823534823,1157.6568123728
251,"Laubbaum","Winterlinde",37,16.9,"Buche",1,7,0.058,2.034,0.637,0.2,652.3720968606,326.1860484303,1197.1027977392
252,"Nadelbaum","Japanischer Schnurbaum",26,7.9,"Kiefer",1,7,0.044,2.096,0.712,0.22,216.126058607831,108.063029303915,396.59131754537
253,"Nadelbaum","Bergahorn",46.6690475583121,10.1,"Eiche",2,10,0.067,1.938,0.638,0.22,613.436694668959,306.71834733448,1125.65633471754
258,"Laubbaum","Gewöhnliche Rosskastanie",70,11.7,"Buche",1,11,0.058,2.034,0.637,0.2,1887.87418071735,943.937090358673,3464.24912161633
259,"Nadelbaum","Spitzahorn",16,3.5,"Eiche",1,5,0.067,1.938,0.638,0.22,39.1863282470638,19.5931641235319,71.906912333362
260,"Laubbaum","Ginkgo",9,3.7,"Eiche",1,1,0.067,1.938,0.638,0.22,13.3127972115199,6.65639860575995,24.428982883139
266,"Nadelbaum","Hainbuche",18,10.8,"Buche",1,5,0.058,2.034,0.637,0.2,113.272489945196,56.6362449725978,207.855019049434
267,"Laubbaum","Japanischer Wildapfel",58.0947501931113,4.4,"Eiche",15,11,0.067,1.938,0.638,0.22,551.892803503994,275.946401751997,1012.72329442983
268,"Laubbaum","Hainbuche",11.3137084989848,5.5,"Buche",2,2,0.058,2.034,0.637,0.2,28.6584575350977,14.3292287675488,52.5882695769042
269,"Laubbaum","Kleinfruchtiger Zierapfel",6,3,"Eiche",1,1,0.067,1.938,0.638,0.22,5.30756250198132,2.65378125099066,9.73937719113572
271,"Nadelbaum","Pagoden-Hartriegel",15.6524758424985,4.6,"Kiefer",5,3,0.044,2.096,0.712,0.22,50.7623991557351,25.3811995778675,93.1490024507739
275,"Nadelbaum","Hainbuche",30,7.4,"Buche",1,7,0.058,2.034,0.637,0.2,251.636987406873,125.818493703436,461.753871891611
278,"Laubbaum","Hainbuche",24,9.5,"Buche",1,5,0.058,2.034,0.637,0.2,187.399678645626,93.6998393228131,343.878410314724
279,"Laubbaum","Europäische Eibe",26,6.9,"Eiche",4,7,0.067,1.938,0.638,0.22,154.82414902505,77.412074512525,284.102313460967
280,"Laubbaum","Hainbuche",35,8.2,"Buche",1,8,0.058,2.034,0.637,0.2,367.572545428397,183.786272714198,674.495620861108
281,"Laubbaum","Hainbuche",30,12.3,"Buche",1,6,0.058,2.034,0.637,0.2,347.811091822806,173.905545911403,638.233353494848
290,"Nadelbaum","Blumen-Esche",7,4,"Kiefer",1,1,0.044,2.096,0.712,0.22,8.50755397026803,4.25377698513402,15.6113615354418
291,"Laubbaum","Blumen-Esche",7,3.7,"Eiche",1,1,0.067,1.938,0.638,0.22,8.17988757767751,4.08994378883876,15.0100937050382
292,"Laubbaum","Blumen-Esche",8,3.8,"Eiche",1,1,0.067,1.938,0.638,0.22,10.7776720088241,5.38883600441204,19.7770281361922
299,"Laubbaum","Rheinischer Bohnapfel",5,4,"Eiche",1,1,0.067,1.938,0.638,0.22,4.47870828605167,2.23935414302584,8.21842970490482
302,"Laubbaum","Spitzahorn",28,8,"Eiche",1,7,0.067,1.938,0.638,0.22,196.425700139184,98.2128500695918,360.441159755402
303,"Laubbaum","Birke",25,10.2,"Eiche",1,6,0.067,1.938,0.638,0.22,184.132003974036,92.0660019870179,337.882227292356
304,"Laubbaum","Birke",27,9.7,"Eiche",1,7,0.067,1.938,0.638,0.22,207.003636434055,103.501818217027,379.851672856491
305,"Laubbaum","Hängebirke",23,11,"Eiche",1,6,0.067,1.938,0.638,0.22,164.388606003143,82.1943030015717,301.653092015768
306,"Laubbaum","Hartriegel",16,6.2,"Eiche",4,5,0.067,1.938,0.638,0.22,56.4371478314404,28.2185739157202,103.562166270693
307,"Laubbaum","Hartriegel",21.1660104885167,5.6,"Eiche",7,6,0.067,1.938,0.638,0.22,90.9634639392439,45.4817319696219,166.917956328513
308,"Laubbaum","Spitzahorn",30,13.4,"Eiche",1,7,0.067,1.938,0.638,0.22,312.024349443909,156.012174721955,572.564681229573
309,"Laubbaum","Nadelgehölz",40,17,"Eiche",1,8,0.067,1.938,0.638,0.22,634.239532586285,317.119766293143,1163.82954229583
312,"Laubbaum","Abendländischer Lebensbaum",17,7.1,"Eiche",1,4,0.067,1.938,0.638,0.22,69.2065929657659,34.6032964828829,126.99409809218
313,"Laubbaum","Spitzahorn",16,8.8,"Eiche",1,4,0.067,1.938,0.638,0.22,70.5665856342248,35.2832928171124,129.489684638802
317,"Nadelbaum","Hängebirke",31,12.3,"Kiefer",1,6,0.044,2.096,0.712,0.22,428.271383866325,214.135691933163,785.877989394706
318,"Nadelbaum","Bergahorn",39,11.5,"Eiche",1,8,0.067,1.938,0.638,0.22,470.590400622885,235.295200311442,863.533385142994
321,"Laubbaum","Hängebirke",30,15.9,"Eiche",1,7,0.067,1.938,0.638,0.22,348.006207236383,174.003103618192,638.591390278763
323,"Laubbaum","Lawson-Scheinzypresse",25,11.4,"Eiche",1,6,0.067,1.938,0.638,0.22,197.673141969896,98.8365709849481,362.73021551476
324,"Laubbaum","Bergahorn",14,10.4,"Eiche",1,4,0.067,1.938,0.638,0.22,60.6035461245726,30.3017730622863,111.207507138591
325,"Laubbaum","Hängebirke",35,10,"Eiche",1,8,0.067,1.938,0.638,0.22,349.01050835564,174.50525417782,640.434282832598
327,"Laubbaum","Hainbuche",11,7,"Buche",1,2,0.058,2.034,0.637,0.2,31.5594490366629,15.7797245183314,57.9115889822764
328,"Laubbaum","Hainbuche",11,6.2,"Buche",1,2,0.058,2.034,0.637,0.2,29.2116082261455,14.6058041130727,53.603301094977
329,"Laubbaum","Abendländischer Lebensbaum",11,7.1,"Eiche",1,2,0.067,1.938,0.638,0.22,29.7684679273184,14.8842339636592,54.6251386466292
330,"Laubbaum","Abendländischer Lebensbaum",10,5.3,"Eiche",1,2,0.067,1.938,0.638,0.22,20.5363207198632,10.2681603599316,37.684148520949
331,"Laubbaum","Echte Zypresse",14,8.3,"Eiche",1,3,0.067,1.938,0.638,0.22,52.4810589393478,26.2405294696739,96.3027431537031
332,"Laubbaum","Echte Zypresse",14,6.9,"Eiche",1,3,0.067,1.938,0.638,0.22,46.6462232409698,23.3231116204849,85.5958196471795
333,"Laubbaum","Echte Zypresse",13,6,"Eiche",1,4,0.067,1.938,0.638,0.22,36.9587562617999,18.4793781309,67.8193177404028
334,"Laubbaum","Europäische Eibe",19.7989898732233,6.2,"Eiche",2,6,0.067,1.938,0.638,0.22,85.2854077610697,42.6427038805348,156.498723241563
335,"Laubbaum","Felsenbirne",15.6524758424985,6.9,"Eiche",5,4,0.067,1.938,0.638,0.22,57.9058297347005,28.9529148673502,106.257197563175
336,"Laubbaum","Felsenbirne",19.5959179422654,7.3,"Eiche",6,6,0.067,1.938,0.638,0.22,92.7794031862542,46.3897015931271,170.250204846776
337,"Laubbaum","Amerikanischer Amberbaum",8,5.6,"Eiche",1,1,0.067,1.938,0.638,0.22,13.8027934596218,6.90139672981092,25.3281259984061
338,"Laubbaum","Amerikanischer Amberbaum",6,4.1,"Eiche",1,1,0.067,1.938,0.638,0.22,6.47810312407674,3.23905156203837,11.8873192326808
339,"Laubbaum","Felsenbirne",20.1246117974981,5.7,"Eiche",5,6,0.067,1.938,0.638,0.22,83.4270157467968,41.7135078733984,153.088573895372
340,"Laubbaum","Drüsiger Götterbaum",18,7.8,"Eiche",1,5,0.067,1.938,0.638,0.22,82.0935629224066,41.0467814612033,150.641687962616
341,"Laubbaum","Stieleiche",20,7.2,"Eiche",1,6,0.067,1.938,0.638,0.22,95.6772970496048,47.8386485248024,175.567840086025
342,"Laubbaum","Gewöhnlicher Flieder",10.3923048454133,4,"Eiche",3,2,0.067,1.938,0.638,0.22,18.4899836406621,9.24499182033104,33.9291199806149
343,"Laubbaum","Hängebirke",28,11.8,"Eiche",1,6,0.067,1.938,0.638,0.22,251.702551951706,125.851275975853,461.874182831381
344,"Laubbaum","Hängebirke",28,14,"Eiche",1,6,0.067,1.938,0.638,0.22,280.709160176487,140.354580088244,515.101308923854
345,"Laubbaum","Hängebirke",40,13.8,"Eiche",1,8,0.067,1.938,0.638,0.22,555.225947231107,277.612973615554,1018.83961316908
346,"Laubbaum","Hängebirke",23,11,"Eiche",1,6,0.067,1.938,0.638,0.22,164.388606003143,82.1943030015717,301.653092015768
347,"Laubbaum","Hängebirke",31,14,"Eiche",1,7,0.067,1.938,0.638,0.22,341.919037896568,170.959518948284,627.421434540201
348,"Laubbaum","Eibe",23,5.3,"Eiche",1,6,0.067,1.938,0.638,0.22,103.169466409075,51.5847332045377,189.315970860653
349,"Laubbaum","Spitzahorn",38,13.2,"Eiche",1,8,0.067,1.938,0.638,0.22,488.631444942984,244.315722471492,896.638701470376
350,"Laubbaum","Kirschlorbeer",13.856406460551,2.6,"Eiche",3,4,0.067,1.938,0.638,0.22,24.530506753481,12.2652533767405,45.0134798926376
351,"Laubbaum","Süßkirsche",20,9.3,"Buche",1,5,0.058,2.034,0.637,0.2,127.593305610706,63.7966528053529,234.133715795645
352,"Laubbaum","Süßkirsche",18,10.3,"Buche",1,5,0.058,2.034,0.637,0.2,109.903323841083,54.9516619205417,201.672599248388
354,"Laubbaum","Eibe",30,6.4,"Eiche",1,7,0.067,1.938,0.638,0.22,194.732504040413,97.3662520202067,357.334144914159
355,"Laubbaum","Portugiesische Kirschlorbeer",8,4.2,"Eiche",1,1,0.067,1.938,0.638,0.22,11.4883081324909,5.74415406624546,21.0810454231208
356,"Laubbaum","Bergahorn",12.7279220613579,7,"Eiche",2,3,0.067,1.938,0.638,0.22,39.1405777546393,19.5702888773196,71.822960179763
357,"Laubbaum","Pflaume",9,3.7,"Eiche",1,1,0.067,1.938,0.638,0.22,13.3127972115199,6.65639860575995,24.428982883139
358,"Laubbaum","Pflaume",6,3.5,"Eiche",1,1,0.067,1.938,0.638,0.22,5.85608226425451,2.92804113212726,10.745910954907
359,"Laubbaum","Holzapfel",14.142135623731,4.9,"Eiche",2,4,0.067,1.938,0.638,0.22,38.236470611657,19.1182353058285,70.1639235723905
360,"Laubbaum","Aprikose",9.89949493661167,4.3,"Eiche",2,2,0.067,1.938,0.638,0.22,17.6232326848047,8.81161634240237,32.3386319766167
361,"Laubbaum","Echte Feige",15,4.5,"Eiche",1,5,0.067,1.938,0.638,0.22,40.5928063752504,20.2964031876252,74.4877996985844
362,"Laubbaum","Bergahorn",19,10.9,"Eiche",1,5,0.067,1.938,0.638,0.22,112.859265032065,56.4296325160325,207.096751333839
363,"Laubbaum","Bergahorn",16,12,"Eiche",1,4,0.067,1.938,0.638,0.22,86.0075932034636,43.0037966017318,157.823933528356
364,"Nadelbaum","Bergahorn",8,7,"Eiche",1,1,0.067,1.938,0.638,0.22,15.9145945115398,7.9572972557699,29.2032809286755
365,"Laubbaum","Gemeine Hasel",13.4164078649987,3.4,"Eiche",5,4,0.067,1.938,0.638,0.22,27.3449566921932,13.6724783460966,50.1779955301745
366,"Laubbaum","Japanische Blütenkirsche",7,4.4,"Buche",1,1,0.058,2.034,0.637,0.2,9.36306434414953,4.68153217207476,17.1812230715144
367,"Nadelbaum","Steinweichsel",18.3847763108502,6,"Kiefer",2,5,0.044,2.096,0.712,0.22,85.9331831564478,42.9665915782239,157.687391092082
368,"Laubbaum","Echte Feige",28.2842712474619,4.1,"Eiche",8,7,0.067,1.938,0.638,0.22,130.763016751078,65.3815083755389,239.950135738228
369,"Laubbaum","Quitte",8.48528137423857,3.9,"Eiche",2,1,0.067,1.938,0.638,0.22,12.2825641678829,6.14128208394146,22.5385052480652
370,"Laubbaum","Kornelkirsche",9,4.5,"Buche",1,1,0.058,2.034,0.637,0.2,15.8356128329456,7.91780641647279,29.0583495484551
371,"Laubbaum","Gemeine Hasel",12.1243556529821,6,"Eiche",3,2,0.067,1.938,0.638,0.22,32.2868464652572,16.1434232326286,59.246363263747
372,"Nadelbaum","Eibe",20,4.6,"Kiefer",1,6,0.044,2.096,0.712,0.22,84.8506071428424,42.4253035714212,155.700864107116
375,"Laubbaum","Hängebirke",30,7.5,"Eiche",1,7,0.067,1.938,0.638,0.22,215.468957818318,107.734478909159,395.385537596613
376,"Laubbaum","n.a.",25,7.8,"Eiche",1,7,0.067,1.938,0.638,0.22,155.166772458919,77.5833862294596,284.731027462117
377,"Nadelbaum","Schwarzkiefer",12,4.4,"Kiefer",1,2,0.044,2.096,0.712,0.22,28.1782945502281,14.0891472751141,51.7071704996686
378,"Nadelbaum","Schwarzkiefer",10,3.7,"Kiefer",1,2,0.044,2.096,0.712,0.22,16.9969945319389,8.49849726596944,31.1894849661078
379,"Nadelbaum","Schwarzkiefer",8.48528137423857,4.2,"Kiefer",2,1,0.044,2.096,0.712,0.22,13.1840990814151,6.59204954070755,24.1928218143967
380,"Nadelbaum","Schwarzkiefer",8.48528137423857,3.8,"Kiefer",2,1,0.044,2.096,0.712,0.22,12.2773004553193,6.13865022765965,22.5288463355109
381,"Laubbaum","Kornelkirsche",15.5884572681199,4.9,"Buche",3,3,0.058,2.034,0.637,0.2,51.1005674525632,25.5502837262816,93.7695412754535
382,"Laubbaum","Felsenbirne",7,2.8,"Eiche",1,1,0.067,1.938,0.638,0.22,6.84733315605086,3.42366657802543,12.5648563413533
383,"Laubbaum","Kornelkirsche",14,5.1,"Buche",4,3,0.058,2.034,0.637,0.2,42.1265473610261,21.0632736805131,77.3022144074829
384,"Laubbaum","Kornelkirsche",18.3847763108502,4.5,"Buche",2,5,0.058,2.034,0.637,0.2,67.7039325291485,33.8519662645743,124.236716190988
385,"Laubbaum","Felsenbirne",9.89949493661167,3.1,"Eiche",2,2,0.067,1.938,0.638,0.22,14.3028130273191,7.15140651365953,26.2456619051305
386,"Laubbaum","Weidenblättrige Birne",22,5.5,"Eiche",1,6,0.067,1.938,0.638,0.22,96.9172727737518,48.4586363868759,177.843195539835
387,"Laubbaum","Hartriegel",14,3.5,"Eiche",4,4,0.067,1.938,0.638,0.22,30.2514488091836,15.1257244045918,55.5114085648519
388,"Laubbaum","Dreispitzahorn",25.4558441227157,7.8,"Eiche",2,7,0.067,1.938,0.638,0.22,160.696778523364,80.348389261682,294.878588590373
389,"Laubbaum","Dreispitzahorn",13,6,"Eiche",1,4,0.067,1.938,0.638,0.22,36.9587562617999,18.4793781309,67.8193177404028
390,"Laubbaum","Dreispitzahorn",16.9705627484771,7,"Eiche",2,4,0.067,1.938,0.638,0.22,68.3531452887312,34.1765726443656,125.428021604822
391,"Laubbaum","Felsenbirne",13.4164078649987,4.2,"Eiche",5,4,0.067,1.938,0.638,0.22,31.2915256474903,15.6457628237451,57.4199495631446
392,"Laubbaum","Hartriegel",6,2.8,"Eiche",1,1,0.067,1.938,0.638,0.22,5.07900430120598,2.53950215060299,9.31997289271296
393,"Laubbaum","Hartriegel",8,3.2,"Eiche",1,1,0.067,1.938,0.638,0.22,9.65847843183374,4.82923921591687,17.7233079224149
394,"Laubbaum","Hartriegel",15.5884572681199,6.1,"Eiche",3,5,0.067,1.938,0.638,0.22,53.1040381704115,26.5520190852058,97.4459100427052
395,"Laubbaum","Hartriegel",13.856406460551,5.6,"Eiche",3,4,0.067,1.938,0.638,0.22,40.0218799777386,20.0109399888693,73.4401497591503
396,"Laubbaum","Hartriegel",13.856406460551,5.3,"Eiche",3,4,0.067,1.938,0.638,0.22,38.640392461543,19.3201962307715,70.9051201669314
397,"Laubbaum","Hartriegel",12.1243556529821,6.1,"Eiche",3,2,0.067,1.938,0.638,0.22,32.6291353539719,16.3145676769859,59.8744633745384
398,"Laubbaum","Hartriegel",11.3137084989848,5.8,"Eiche",2,2,0.067,1.938,0.638,0.22,27.6304624569941,13.8152312284971,50.7018986085842
399,"Laubbaum","Hartriegel",15.556349186104,6.4,"Eiche",2,5,0.067,1.938,0.638,0.22,54.5374146599703,27.2687073299851,100.076155901045
400,"Laubbaum","Hartriegel",16,4.3,"Eiche",4,5,0.067,1.938,0.638,0.22,44.686056924624,22.343028462312,81.998914456685
401,"Laubbaum","Hartriegel",13.856406460551,6,"Eiche",3,4,0.067,1.938,0.638,0.22,41.8228882732399,20.9114441366199,76.7449999813951
402,"Laubbaum","Hartriegel",15.8113883008419,6,"Eiche",10,5,0.067,1.938,0.638,0.22,54.0130870473344,27.0065435236672,99.1140147318586
403,"Laubbaum","Hartriegel",12.7279220613579,5.1,"Eiche",2,4,0.067,1.938,0.638,0.22,31.9804414849097,15.9902207424549,58.6841101248093
404,"Laubbaum","Hartriegel",9.89949493661167,4.7,"Eiche",2,2,0.067,1.938,0.638,0.22,18.6522459767468,9.32612298837341,34.2268713673304
405,"Laubbaum","Hartriegel",7,4.2,"Eiche",1,1,0.067,1.938,0.638,0.22,8.86885760725024,4.43442880362512,16.2743537093042
406,"Laubbaum","Hartriegel",15.6524758424985,4.4,"Eiche",5,5,0.067,1.938,0.638,0.22,43.4569634452033,21.7284817226016,79.743527921948
407,"Laubbaum","Hartriegel",19.7989898732233,6.1,"Eiche",8,6,0.067,1.938,0.638,0.22,84.4052123944747,42.2026061972374,154.883564743861
408,"Laubbaum","Hartriegel",15.556349186104,6,"Eiche",2,5,0.067,1.938,0.638,0.22,52.3374092375408,26.1687046187704,96.0391459508874
409,"Laubbaum","Hartriegel",10,3.8,"Eiche",4,2,0.067,1.938,0.638,0.22,16.6087354678203,8.30436773391013,30.4770295834502
410,"Laubbaum","Hartriegel",8.48528137423857,4.3,"Eiche",2,1,0.067,1.938,0.638,0.22,13.0720198020714,6.5360099010357,23.987156336801
411,"Laubbaum","Gewöhnlicher Liguster",8.48528137423857,4.3,"Eiche",2,1,0.067,1.938,0.638,0.22,13.0720198020714,6.5360099010357,23.987156336801
412,"Laubbaum","Baumliguster",14.6969384566991,4.1,"Eiche",6,5,0.067,1.938,0.638,0.22,36.7685428379625,18.3842714189812,67.4702761076611
413,"Laubbaum","Kornelkirsche",12,4.1,"Buche",4,2,0.058,2.034,0.637,0.2,26.7921280871933,13.3960640435967,49.1635550399998
414,"Laubbaum","Baumliguster",8,4.8,"Eiche",1,1,0.067,1.938,0.638,0.22,12.509931671564,6.25496583578201,22.95572461732
415,"Laubbaum","Rote Heckenkirsche",7,4,"Buche",1,1,0.058,2.034,0.637,0.2,8.81152073390532,4.40576036695266,16.1691405467163
416,"Laubbaum","Baumliguster",22.0454076850486,5.2,"Eiche",6,6,0.067,1.938,0.638,0.22,93.8848056388684,46.9424028194342,172.278618347323
417,"Laubbaum","Baumliguster",11,7.6,"Eiche",1,2,0.067,1.938,0.638,0.22,31.0894278105746,15.5447139052873,57.0491000324043
418,"Laubbaum","Kirschpflaume",12,4.4,"Eiche",4,2,0.067,1.938,0.638,0.22,25.966337394392,12.983168697196,47.6482291187093
419,"Nadelbaum","Eibe",7,4.5,"Kiefer",1,1,0.044,2.096,0.712,0.22,9.25178025129604,4.62589012564802,16.9770167611282
420,"Laubbaum","Kleinfruchtiger Zierapfel",7,3,"Eiche",1,1,0.067,1.938,0.638,0.22,7.15546720230176,3.57773360115088,13.1302823162237
421,"Laubbaum","Felsenbirne",6,3.3,"Eiche",1,1,0.067,1.938,0.638,0.22,5.64031878120749,2.82015939060375,10.3499849635157
422,"Laubbaum","Süßkirsche",13,4.1,"Buche",1,2,0.058,2.034,0.637,0.2,31.5292278439003,15.7646139219501,57.856133093557
423,"Laubbaum","Felsenbirne",5,2.5,"Eiche",1,1,0.067,1.938,0.638,0.22,3.3183655596132,1.6591827798066,6.08920080189023
424,"Laubbaum","Süßkirsche",9,5.2,"Buche",1,1,0.058,2.034,0.637,0.2,17.3633145821637,8.68165729108186,31.8616822582704
425,"Nadelbaum","Echte Zypresse",12,6.9,"Kiefer",1,2,0.044,2.096,0.712,0.22,38.8183392754566,19.4091696377283,71.2316525704628
426,"Laubbaum","Süßkirsche",18,3.5,"Buche",1,5,0.058,2.034,0.637,0.2,55.2592338450459,27.629616922523,101.400694105659
427,"Laubbaum","Bergahorn",18,5.4,"Eiche",1,6,0.067,1.938,0.638,0.22,64.9261972790545,32.4630986395272,119.139572007065
428,"Nadelbaum","Abendländischer Lebensbaum",19.7989898732233,7.7,"Kiefer",2,6,0.044,2.096,0.712,0.22,119.883027425564,59.941513712782,219.98535532591
429,"Laubbaum","Echte Feige",8,2.7,"Eiche",1,1,0.067,1.938,0.638,0.22,8.6662878441709,4.33314392208545,15.9026381940536
430,"Laubbaum","Echte Feige",9.89949493661167,2.4,"Eiche",2,2,0.067,1.938,0.638,0.22,12.1480752356404,6.0740376178202,22.2917180574001
431,"Laubbaum","Echte Feige",6,2.7,"Eiche",1,1,0.067,1.938,0.638,0.22,4.96251506461075,2.48125753230538,9.10621514356074
432,"Laubbaum","Echte Feige",6,2.6,"Eiche",1,1,0.067,1.938,0.638,0.22,4.84445306478591,2.42222653239295,8.88957137388214
